firstName,lastName,birthDate,email,notes
dean,Garcia,2016-01-28,johnsonsandra@moore-mathis.com,Think behavior around court most sure answer.
rebekah,Sexton,2016-01-18,harrisjessica@gmail.com,Catch method get unit various billion from central.
Anne,King,2016-03-02,,Effort scene general arm draw one such.
Carl,Heprar,2016-09-13,,As close inside all under ball cold.
RODNEY,Patel,2016-02-18,,
amber,Andersen,2016-04-28,,
Erin,Lawson,2016-04-04,,Work chair among thing.
CAROL,Mugicre,2016-06-15,,Ready cup food consider mother.
Yolanda,White,2016-06-25,,
carrie,Harrison,2016-05-02,,
DEVIN,Contreras,1970-01-01,monica30@jones.com,
ZACHARY,Goodman,2016-06-19,,Than anyone executive vote land.
Tonya,Chsae,2016-08-25,jeremiahkelly@gmail.com,Already bank activity remain.
MOLLY,Henderson,2016-05-13,cynthiasmith@perez-davidson.com,
joan,Daivs,2016-06-04,,
Raymond,Bneton,2016-09-09,,
diana,Lawson,2016-08-16,,
