firstName,lastName,birthdate,year,phone,studentEmail
Victor,Williams,2015-05-28,2,(300)504-7735x2585,woodmaria@simpson.com
Clinton,Nguyen,2009-06-14,8,+1-197-194-8511x91490,sluna@joyce-baxter.org
Robin,Wiley,2007-01-01,10,351-195-1461,nbowers@hotmail.com
Veronica,Boyer,2007-02-17,10,4831176995,amitchell@hotmail.com
Christopher,Singh,2008-05-16,9,413-297-5531x27543,kelleymichael@matthews-martinez.com
Angelica,Kelly,2013-01-19,4,177-250-7679,
Steve,Romero,2008-07-24,9,(844)665-8905x6687,jane51@doyle-williams.com
Tyler,Morrison,2015-05-01,2,(028)297-1003,znelson@diaz-williams.info
Susan,Gonzalez,2007-06-03,10,087.585.8375x30237,mjackson@gmail.com
Jacqueline,Price,2013-08-04,4,(165)522-0650x1232,
Amy,Oliver,2014-11-10,3,(580)325-0576,jorge62@hotmail.com
Sandra,Norris,2015-02-17,2,001-432-446-2100x708,hwalls@gmail.com
Anthony,Henderson,2007-01-17,10,+1-155-701-8233x8602,carolhogan@gmail.com
Alex,Morales,2008-11-26,9,331.959.8089x56130,
Allen,Day,2013-08-23,4,+1-088-204-1451x60906,hannah52@johnson.info
Patrick,Fuller,2009-08-24,8,(654)365-0113x0147,meganyoung@elliott.com
Amanda,Moss,2013-10-19,4,151.114.4864x333,
Kaitlyn,Orr,2014-02-01,3,+1-364-227-6074x33828,
Thomas,Davis,2015-11-11,2,(253)521-4569,gwright@martinez-watkins.com
Jeffrey,Brown,2009-03-25,8,547.226.7897x384,leebrandon@yahoo.com
Lance,Campos,2016-02-29,1,(985)224-6656x53977,bowerscynthia@rogers-collins.biz
Joshua,Stewart,2007-11-13,10,001-765-622-4870,
Laura,Boyd,2012-07-08,5,+1-040-357-3524x71751,anitaferguson@gmail.com
Marcus,Moore,2008-01-21,9,4100211383,hamiltonrebecca@bruce-spencer.com
Kristen,Lee,2009-01-17,8,(725)483-3314x496,
Maria,Mcdonald,2008-05-20,9,1008865615,brittany96@williamson-myers.com
Glen,Hernandez,2007-03-21,10,9944590674,
Curtis,Dunn,2007-10-02,10,001-295-882-1168,michaelbrown@perez-lee.com
Alicia,Frederick,2007-06-11,10,901.669.4703x7840,
Rachel,Thomas,2012-11-16,5,782.644.1065,wortiz@jones.net
David,Powell,2006-06-19,11,+1-733-182-9137x95406,fhughes@gonzalez-carroll.info
Catherine,Ramirez,2008-07-10,9,+1-040-568-0664x02928,jamescolleen@nelson.com
Michael,Martin,2009-02-03,8,257.238.1515,
Melissa,Rodriguez,2015-03-19,2,089.754.4481,
Vicki,Leach,2013-03-28,4,001-026-838-7195x34449,ashley67@hotmail.com
Shannon,Jackson,2006-01-09,11,+1-203-799-8202x72369,cindymoran@strong-miller.com
Dean,Garcia,2016-01-28,1,073.633.6741x462,johnsonsandra@moore-mathis.com
Kara,Green,2013-09-13,4,+1-179-400-1454x7133,kristiewright@yahoo.com
Mark,Juarez,2006-12-13,11,001-889-787-7671x349,odonnelldanielle@cook.biz
Courtney,Guerrero,2015-11-10,2,292.148.0998,oroberts@yahoo.com
Daniel,Herrera,2009-02-08,8,724.769.3819,jamesfox@hotmail.com
Peter,Morgan,2011-08-18,6,144.997.1646x52135,luis38@gmail.com
Lauren,Hayes,2007-09-05,10,750-648-9522,
Rebekah,Sexton,2016-01-18,1,478-777-5222x8303,harrisjessica@gmail.com
Martin,Murphy,2011-02-13,6,+1-147-268-7685,clarkrachel@hotmail.com
Renee,Griffin,2008-04-01,9,(332)423-6301x1615,christina97@gmail.com
Jordan,Hubbard,2012-03-22,5,(369)382-0065x6235,shawn38@reed.com
Danny,Santos,2011-09-18,6,055-171-1821x33089,
April,Mosley,2015-02-18,2,(475)196-2968x567,
Jennifer,Hall,2013-03-28,4,163-614-7671,
Charlotte,Adams,2009-01-27,8,001-634-868-1714x60719,
Angela,Sullivan,2014-07-20,3,001-809-370-3410,ronaldlewis@sampson.com
Stephen,Travis,2015-08-10,2,(981)258-5341,michael72@morrison.com
Patricia,Perez,2012-03-07,5,597.482.1446x7542,
Nicholas,Blair,2007-11-17,10,001-841-070-5533x7449,rwalters@yahoo.com
Richard,Phillips,2014-09-25,3,+1-392-687-2718,daniellefitzgerald@rodriguez-miller.com
Joseph,Powers,2006-06-03,11,+1-911-071-6319x926,stephaniebates@figueroa.net
Rebecca,Olson,2015-03-29,2,800-562-0124,zwatson@schneider-anderson.org
Alexandra,Potter,2015-08-23,2,295-096-6197,longshannon@baldwin-evans.com
Hannah,Benton,2007-07-13,10,(180)911-6868x3744,
Mia,Huang,2012-06-01,5,001-133-178-4121x7587,mtorres@mccullough.info
Kelsey,Fields,2007-04-30,10,+1-848-240-2607x17589,smedina@johnson.net
Anne,King,2016-03-02,1,(969)089-8360x98559,
Brian,Howard,2009-07-15,8,001-740-970-4926x143,danathomas@yahoo.com
Carl,Harper,2016-09-13,1,807.825.3377x745,eduardobryant@gmail.com
Erica,Villarreal,2011-03-28,6,2759501488,
Sarah,Ward,2010-08-04,7,(326)272-5367x68662,maddenchristina@gmail.com
Tamara,Pena,2012-07-07,5,683.752.5086x4206,
Jared,Norman,2007-01-17,10,+1-837-254-0553x346,
Bobby,Lopez,2007-01-11,10,313-405-8252,
Ross,Wilkins,2013-11-02,4,180-113-9102,xfitzpatrick@gmail.com
Sherri,Garza,2009-02-04,8,001-706-088-8588x67160,
Frank,Bullock,2011-06-17,6,001-277-684-8312,bmorgan@lopez-francis.com
Rodney,Patel,2016-02-18,1,(543)981-8198,kristentaylor@gmail.com
Justin,Carey,2006-11-21,11,112-053-3447,joshuaschmidt@beck-davis.org
Tracy,Sanchez,2013-01-07,4,001-764-541-0521x5918,nbarnes@hotmail.com
Tabitha,Liu,2007-06-12,10,2408332569,maria27@hotmail.com
Morgan,Barton,2011-08-13,6,777.528.5522x382,smithchristopher@yahoo.com
Amber,Andersen,2016-04-28,1,197-574-1523x883,julian35@thornton-todd.com
Barbara,Erickson,2015-10-16,2,001-720-936-5099x0630,virginiabrown@george.net
Lisa,Kim,2014-06-23,3,4965669248,
Evelyn,Carroll,2013-09-03,4,001-182-991-4109x266,
Kelly,Clements,2009-05-06,8,001-250-392-9585x972,patrickhenry@gmail.com
Julie,Clark,2007-08-08,10,111-991-4584x7184,vanessagrant@gmail.com
Ryan,Ball,2011-12-13,6,001-937-994-0408,brooksvictor@yahoo.com
Monica,Stevens,2013-07-17,4,+1-279-419-2562,thomasbeltran@hotmail.com
Wayne,Morrow,2008-04-07,9,026.070.2027x90722,birdkara@yahoo.com
Erin,Lawson,2016-04-04,1,(855)772-2149x54042,cesar75@gmail.com
Misty,Douglas,2007-10-05,10,6675258710,
Timothy,Jensen,2005-10-27,12,+1-463-388-2043x1297,rodriguezedward@nguyen-johnson.com
Wanda,Baker,2013-09-27,4,366-169-9055x2247,newmansarah@rodriguez.com
Bianca,Crosby,2013-10-10,4,001-911-534-4625x159,kimberlypatterson@roman.com
Tiffany,Ramos,2012-11-25,5,+1-456-279-9451x2687,ingramchristine@yahoo.com
Kristine,Odom,2014-12-04,3,260-229-8447,daniel37@potter.org
Robert,Bennett,2009-04-22,8,(268)990-5713,dorseylisa@henry.com
Megan,Jones,2014-02-03,3,307.112.7918x21018,
Bailey,Vasquez,2015-07-14,2,723.386.7387x136,joseph10@gmail.com
Dalton,Peterson,2005-12-16,12,001-807-673-0718x368,
Miranda,Ayers,2008-02-22,9,+1-961-392-3709x624,estewart@yahoo.com
Cindy,Parker,2009-04-27,8,137-660-5610,uwalters@francis.biz
Jacob,Graham,2008-02-08,9,096-879-7302x793,
Kevin,Downs,2011-11-29,6,243.132.1723,
Brandon,Barnes,2011-06-04,6,191-485-3029,oadams@gmail.com
Jay,Steele,2008-01-19,9,387.755.9414,carterbruce@pierce.com
Kenneth,Guzman,2014-05-24,3,356-194-0222x311,nwang@gmail.com
Trevor,Wheeler,2013-10-13,4,330.872.0557x294,ypatrick@oliver-simpson.com
Cody,Stone,2009-06-21,8,604-371-8581x24565,michaelpark@ingram.com
Mike,Marshall,2013-01-29,4,695.259.4239x880,
Chad,Yang,2013-09-05,4,+1-697-062-8436x40294,
Christina,Scott,2014-08-22,3,(848)112-1664,
Jesse,Preston,2013-11-11,4,777.683.4016,jesussherman@yahoo.com
Samantha,Pacheco,2015-12-22,2,5921483981,theresa60@ortiz.com
Nicole,Dunlap,2014-09-26,3,(444)207-0183x986,
Michelle,Ross,2011-03-02,6,(327)884-4498x85248,
Scott,Sims,2015-11-22,2,001-414-792-1888x2105,
Denise,Richardson,2011-06-27,6,001-606-438-1728x6170,
Tracey,Hudson,2007-01-04,10,001-814-740-3418,
Heather,Watson,2010-07-21,7,297-995-9735x8339,
Connie,Conner,2013-10-18,4,+1-603-856-5421,
Kathleen,Levy,2007-09-22,10,4334396045,
Rachael,Prince,2007-07-18,10,+1-111-709-6956x49228,victoria40@gmail.com
Margaret,Rush,2010-11-11,7,912-671-5786x3078,choilinda@cole-simmons.net
Kimberly,Chang,2012-01-28,5,(453)349-8407x2101,kara16@jones-gregory.org
Carol,Mcguire,2016-06-15,1,285-183-5572x06785,ebryant@torres.net
Harold,Myers,2008-10-10,9,(190)409-2332,riosperry@hotmail.com
Hunter,Mitchell,2014-04-17,3,+1-651-852-0034,qvaughn@warren-weaver.net
Yolanda,White,2016-06-25,1,570-491-8663x2118,zachary80@brown.com
Troy,Snyder,2009-07-30,8,153-970-7241,
Jessica,Patterson,2012-09-09,5,(300)564-7304,emilygarner@nunez.com
Lindsay,Harris,2009-09-02,8,(316)604-5017,
Drew,Thompson,2011-03-24,6,275.547.1080x624,
Deborah,Maddox,2009-02-25,8,001-565-744-6685x1611,welchernest@gmail.com
Vickie,Rhodes,2011-12-11,6,957.952.3479,johnjohnson@gmail.com
Brittany,Winters,2007-09-04,10,+1-851-233-7560x69616,bryanbradford@zamora.net
Jack,Hoffman,2012-02-17,5,734-071-3810x96480,justinrobinson@hotmail.com
Meagan,Lynch,2006-09-16,11,676.290.4673,
Jeremiah,Lane,2012-10-09,5,001-932-430-8682x73742,elizabeth56@lambert-parker.info
Clifford,Mayo,2014-12-03,3,+1-875-262-7333x5795,rhondamcbride@hotmail.com
Felicia,Perry,2006-07-08,11,001-540-029-8497x29243,deborah22@yahoo.com
Cassidy,Duncan,2010-04-27,7,011.353.2988,wilsontodd@gmail.com
Alejandro,Wolfe,2015-01-28,2,001-803-285-9858,
Emily,Sherman,2011-01-17,6,001-517-150-1872x22472,daniel05@woods.com
Jon,Eaton,2007-10-24,10,+1-992-782-4891x819,thompsonrobert@jones.com
Taylor,Osborne,2008-06-27,9,001-097-126-9808x2954,
Tammy,Chandler,2010-01-14,7,335-593-7814x272,zmoran@moses.org
Carrie,Harrison,2016-05-02,1,312-062-8732,
Holly,Simpson,2008-11-01,9,698.017.7764,qgutierrez@bailey.info
Douglas,Lara,2005-11-06,12,7248958689,murraynancy@hotmail.com
Craig,Everett,2010-01-19,7,(696)089-7034x0116,karlamccullough@gmail.com
Diane,Daugherty,2011-12-24,6,001-950-390-9170x3558,farnold@gmail.com
Travis,Warren,2014-08-25,3,+1-555-106-4054,wwells@yahoo.com
Sharon,Bowen,2009-08-09,8,705-162-4344,
Paul,Wells,2008-01-10,9,907-457-4768x270,
Natalie,Schwartz,2015-05-15,2,098-324-7648x841,robert30@hotmail.com
Edgar,Cantu,2015-10-13,2,(412)875-0295x29176,james33@ortega-martinez.net
Austin,Dennis,2007-11-03,10,(203)228-5430,pattonerin@lee.net
Gina,Reese,2009-06-22,8,+1-143-354-9967x68392,
Gregory,Kennedy,2007-09-26,10,001-331-153-0254x8197,colton40@yahoo.com
Samuel,Swanson,2009-03-26,8,(189)542-8316x0005,stevenlane@yahoo.com
Cassandra,Mann,2011-07-29,6,+1-954-545-3120,montgomerydaniel@simmons.com
Louis,Gutierrez,2012-11-27,5,(379)052-2618x3870,duncanantonio@page.com
Allison,Lamb,2009-03-01,8,(250)708-1911x19272,matthew35@burns.com
Greg,Barber,2009-04-17,8,+1-914-888-8710x86191,flemingandrew@gmail.com
Kylie,Cruz,2006-05-19,11,350-396-0138,
Katherine,Benjamin,2007-01-12,10,954.701.1217x03759,uvang@hotmail.com
Karen,Gray,2012-01-31,5,+1-937-856-4893x18041,hollyruiz@sullivan-anderson.net
Janet,Holt,2011-10-19,6,058.370.0881,xarmstrong@hotmail.com
Gerald,Parsons,2012-01-19,5,782.418.3041x73813,
Rhonda,Webb,2011-12-31,6,728.933.6222x810,whitejoseph@smith.com
Melanie,Dickerson,2012-02-01,5,001-678-643-9780x06145,marieanderson@james-wells.biz
Jonathon,Fleming,2012-05-06,5,221.195.1154,cannonjessica@patterson.com
Latoya,Wright,2009-01-04,8,(989)382-2760x52194,hgarcia@gray.com
Phillip,Hawkins,2008-07-07,9,468-949-9559,vnorris@smith.biz
Jocelyn,Burton,2014-06-18,3,715-885-9221x6170,martinjody@thomas-clark.com
Larry,Martinez,2009-04-10,8,001-281-030-1197x86216,marcia28@gmail.com
Becky,Nash,2014-03-16,3,533-236-3498,
Ronald,Saunders,2008-09-19,9,500.412.9270x974,gregoryallen@gmail.com
Judy,Cortez,2006-10-13,11,473-781-8404,cmccarthy@hotmail.com
Eddie,Gardner,2006-12-03,11,001-643-964-8474x52990,
Gail,Avila,2011-04-05,6,5489717945,yatesjennifer@burton.com
Ashley,Hart,2014-10-24,3,7715009459,stevecastillo@yahoo.com
Caleb,Reid,2014-08-09,3,001-372-306-6949,williamssean@brock-williams.net
Jamie,Dixon,2006-12-09,11,+1-573-220-3466x7334,dunndwayne@yahoo.com
Riley,Rivera,2010-10-20,7,479.859.6384,matthew40@yahoo.com
Devin,Contreras,2016-06-30,1,(293)359-3014x8611,monica30@jones.com
Angel,Keller,2006-06-22,11,367.074.3376,
Belinda,Curry,2007-03-21,10,419-757-9940x837,
George,Edwards,2011-11-28,6,+1-946-399-7204x54894,ithompson@gmail.com
Jody,Robbins,2013-04-06,4,+1-069-215-5009,burgessbrittany@hotmail.com
Fred,Welch,2015-08-19,2,001-476-971-5572x7553,
Abigail,Mclaughlin,2014-08-22,3,060.824.4442,david49@tucker.org
Lindsey,Gordon,2007-10-30,10,+1-699-608-2185x2123,joselindsey@dunn.com
Carlos,Bird,2007-10-17,10,001-769-033-5512x90310,april98@yahoo.com
Christine,Taylor,2010-08-16,7,744-669-5809,
Leah,Strong,2006-04-22,11,(008)552-4308,daviddouglas@gmail.com
Lucas,Lewis,2008-11-14,9,+1-240-221-6466x26349,johnnielsen@patton-hall.org
Pam,Carter,2008-10-21,9,+1-466-478-3722x767,pgay@yahoo.com
Zachary,Goodman,2016-06-19,1,+1-955-064-5087x1772,bendermary@roman.com
Christy,Spencer,2015-05-10,2,(450)746-1823,andersonjoshua@fox-pace.biz
Tonya,Chase,2016-08-25,1,620-409-5574x9562,jeremiahkelly@gmail.com
Kristina,Williams,2012-11-23,5,(300)504-7735x2585,vallen@hotmail.com
Stacy,Nguyen,2015-05-21,2,093-303-2905,barbergloria@lee.com
Valerie,Wiley,2011-01-04,6,590-964-6744x22377,kylemoore@gmail.com
Kyle,Boyer,2015-04-01,2,+1-229-076-6034x9479,chambersdenise@mendez.com
Tina,Singh,2012-10-25,5,(622)903-4956x6518,christopherjohnson@mendoza.org
Destiny,Kelly,2013-03-02,4,001-667-657-2026,misty70@gmail.com
Darren,Romero,2015-01-10,2,(846)060-7389,
Daisy,Morrison,2006-09-05,11,049.339.0483,
Cynthia,Gonzalez,2013-09-12,4,842.932.8068x2048,mjackson@gmail.com
Adrian,Price,2010-06-23,7,(674)204-7549x63213,lori35@hotmail.com
Aaron,Oliver,2010-04-22,7,(308)484-3323,
Caitlin,Norris,2014-05-13,3,(503)732-5572x176,fhoffman@gmail.com
Molly,Henderson,2016-05-13,1,(455)997-4827,cynthiasmith@perez-davidson.com
Danielle,Morales,2009-01-27,8,587.921.7570,kristen72@hodges.biz
Dennis,Day,2014-04-08,3,(086)818-0715,jennifer24@george.com
Kayla,Fuller,2009-07-24,8,(402)033-3991,
Faith,Moss,2008-07-17,9,034-936-6667,
Anna,Orr,2010-05-16,7,805.030.1189x1691,sarahwilkinson@gmail.com
Joan,Davis,2016-06-04,1,709.903.8840x180,michaelgonzales@alexander.biz
Deanna,Brown,2010-10-21,7,(347)217-0294x95274,leebrandon@yahoo.com
Brent,Campos,2013-11-06,4,337-222-8721x972,
Alexis,Stewart,2006-05-27,11,001-765-622-4870,thomascampbell@hotmail.com
Evan,Boyd,2009-05-14,8,+1-206-434-8628x14301,kingjonathan@bell.info
Natasha,Moore,2012-07-25,5,(437)333-1628x9672,laurapowell@anderson.com
Katrina,Lee,2015-08-04,2,910-016-1259x5015,acooper@hotmail.com
Michele,Mcdonald,2010-11-09,7,1008865615,christinedennis@white.com
Jillian,Hernandez,2014-06-27,3,954.000.5029,
Bradley,Dunn,2011-02-27,6,+1-561-567-0514x8076,
Johnny,Frederick,2006-05-31,11,823.122.4872,bakerdonald@hotmail.com
Meghan,Thomas,2013-10-30,4,8953293147,robert22@yahoo.com
Doris,Powell,2012-03-02,5,(497)288-7615x973,
Crystal,Ramirez,2012-05-19,5,754.480.9625x206,stephanie58@wright-davis.com
Sheila,Martin,2008-04-22,9,+1-231-626-5413x7914,
Tara,Rodriguez,2010-11-09,7,+1-927-436-5948x61116,ryan23@gmail.com
Carolyn,Leach,2009-06-12,8,+1-395-062-4390x559,zburton@yahoo.com
Ashlee,Jackson,2011-05-30,6,+1-636-675-9046,jessica05@yahoo.com
Keith,Garcia,2015-02-21,2,582-429-5512x2189,madisonwalls@baker.org
Marie,Green,2006-09-14,11,352-731-5946x7841,michael42@hotmail.com
Alyssa,Juarez,2015-09-22,2,622.981.6261x784,
Roger,Guerrero,2010-05-08,7,047-423-4887x9982,jeremyvance@hotmail.com
Corey,Herrera,2005-10-09,12,+1-477-565-6590,xrhodes@hotmail.com
Regina,Morgan,2007-02-08,10,(507)864-7181x7794,hfuentes@hotmail.com
Albert,Hayes,2011-10-01,6,373-232-2540x23245,antonio71@johnson.com
Ellen,Sexton,2014-04-14,3,+1-277-536-2855x42620,berrykayla@haynes.com
Victoria,Murphy,2013-12-17,4,211-421-8387x179,
Lynn,Griffin,2015-11-02,2,(332)423-6301x1615,okeller@dennis.net
Whitney,Hubbard,2007-01-15,10,(926)442-7970x8004,jennifer00@hotmail.com
Alexandria,Santos,2006-12-30,11,(203)396-4822x9344,michelle10@hotmail.com
Devon,Mosley,2006-08-18,11,600.788.4609,rhughes@yahoo.com
Virginia,Hall,2012-06-13,5,522.932.3589x2131,ublackburn@gonzalez-frank.com
Gary,Adams,2009-07-06,8,+1-346-809-2802,
Jesus,Sullivan,2005-12-05,12,908.688.0085x835,tracielevine@yahoo.com
Kathy,Travis,2015-02-24,2,156-505-8699x3129,bradley37@galvan.com
Shane,Perez,2014-08-10,3,659.152.6276,stanleymichael@gmail.com
Nathan,Blair,2009-11-14,8,+1-449-643-3364x487,helenkirk@gmail.com
Claire,Phillips,2011-08-17,6,(718)539-9290x69660,melvinthompson@yahoo.com
Teresa,Powers,2012-09-12,5,+1-564-567-6893x3894,
Gabriel,Olson,2009-10-12,8,+1-024-709-7258x55449,zwatson@schneider-anderson.org
Hector,Potter,2010-11-12,7,109-855-3716x055,darlenefischer@gmail.com
Raymond,Benton,2016-09-09,1,001-450-256-0799x60691,nhartman@gmail.com
Colleen,Huang,2012-02-26,5,975.295.9868x8131,
Sean,Fields,2008-09-23,9,544.842.5311,
Antonio,King,2005-12-28,12,184-660-7578x4905,juan63@clark.biz
Jake,Howard,2010-04-29,7,001-034-360-5699x04468,
Benjamin,Harper,2009-04-19,8,259.783.4187x38836,melissa38@yahoo.com
Brandi,Villarreal,2015-10-10,2,+1-150-994-2584x4783,johnsonsummer@yahoo.com
Gloria,Ward,2010-11-24,7,356-286-7121,amymiller@gmail.com
Gabrielle,Pena,2010-10-12,7,001-665-960-4931,anthonyortiz@yahoo.com
Tommy,Norman,2006-10-26,11,542-978-7098x448,ubrown@hotmail.com
Ann,Lopez,2006-04-01,11,001-272-790-3194,kristenallen@howard.com
Grant,Wilkins,2015-07-23,2,+1-237-685-8694,
Isaiah,Garza,2010-05-06,7,776.162.6935x6960,ortizlisa@cline-diaz.org
Andre,Bullock,2007-04-29,10,001-277-684-8312,jhill@adams-campbell.com
Dana,Patel,2008-09-18,9,9117077067,brownkatherine@johnson.net
Brendan,Carey,2011-02-17,6,+1-184-381-2296,jimenezjill@yahoo.com
Wendy,Sanchez,2015-08-27,2,243.946.2628,
Carla,Liu,2008-04-13,9,656-394-8523x89318,
Edward,Barton,2007-10-24,10,8636351204,mercadozachary@hotmail.com
Geoffrey,Andersen,2009-06-06,8,333.713.9907x32648,charlesmendoza@gmail.com
Francis,Erickson,2011-10-02,6,001-433-442-6031x9273,
Clayton,Kim,2010-11-18,7,792-166-6338x1562,robert74@freeman.com
Lori,Carroll,2013-07-13,4,287.971.4861,william50@gmail.com
Ralph,Clements,2011-01-15,6,002-405-0050x172,brian01@green.com
Donna,Clark,2013-03-24,4,(231)084-7226,
Selena,Ball,2005-10-18,12,001-222-444-1425x6247,william76@hotmail.com
Adrienne,Stevens,2012-03-13,5,471-986-3127,johnsonkevin@hotmail.com
Kellie,Morrow,2011-07-02,6,001-167-413-8129x821,rduran@patrick.org
Diana,Lawson,2016-08-16,1,(988)254-8268x8708,christine03@rasmussen.com
Logan,Douglas,2015-04-28,2,6537033660,mannpaul@mcmillan.biz
Katie,Jensen,2012-03-18,5,625-393-8837x096,harriscraig@dorsey.com
Eric,Baker,2014-09-11,3,804-395-3304,newmansarah@rodriguez.com
Sally,Crosby,2010-02-02,7,479-812-1091x9692,stephenbailey@acosta.com
Clarence,Ramos,2014-12-08,3,+1-756-581-9402x4748,iperez@kelly.biz
Shawn,Odom,2010-06-21,7,001-546-684-7673x0139,charles13@yahoo.com
Jane,Bennett,2009-08-16,8,(997)634-5168,ewilliams@bennett.com
Marissa,Jones,2010-09-08,7,947.517.5399x3178,
Alexa,Vasquez,2012-06-07,5,(274)711-1810x2087,
Krystal,Peterson,2008-10-28,9,354-838-4148x8971,
Kathryn,Ayers,2014-11-18,3,+1-239-960-0392x0415,zachary85@hotmail.com
Javier,Parker,2008-09-04,9,619.422.1605x66188,
